"Coin1","Coin2","Corr Return","Corr LogP","Label","Best Roll Period","Best IC"
"RAYUSDT","SCUSDT","0.5455","0.9583","Solana","7d",""
"ICPUSDT","IOTXUSDT","0.5984","0.9295","Ethereum,Base","2Y","-0.8625"
"BATUSDT","1INCHUSDT","0.6160","0.9351","Ethereum","2Y","-0.8217"
"LPTUSDT","IOTXUSDT","0.5495","0.9012","Ethereum","2Y","-0.8137"
"CELRUSDT","ATAUSDT","0.6354","0.9477","Ethereum","2Y","-0.8033"
"SXPUSDT","GTCUSDT","0.5649","0.9137","Ethereum","2Y","-0.7934"
"DENTUSDT","STORJUSDT","0.5868","0.9065","Ethereum","2Y","-0.7906"
"DOTUSDT","SCUSDT","0.5259","0.9375","Base","2Y","-0.7874"
"HOTUSDT","CELRUSDT","0.6458","0.9094","Ethereum,Arbitrum One,Energi","2Y","-0.7868"
"HOTUSDT","ANKRUSDT","0.6135","0.9657","Ethereum,Arbitrum One","2Y","-0.7858"
"ANKRUSDT","STORJUSDT","0.6064","0.9110","Ethereum","2Y","-0.7798"
"GRTUSDT","IOTXUSDT","0.6001","0.9002","Ethereum","2Y","-0.7719"
"OGNUSDT","ATAUSDT","0.5696","0.9389","Ethereum,Base","2Y","-0.7678"
"SXPUSDT","C98USDT","0.6606","0.9420","Ethereum,BNB Smart Chain","2Y","-0.7628"
"YFIUSDT","ATAUSDT","0.5719","0.9284","Ethereum,Base,Polygon POS","2Y","-0.7561"
"GMTUSDT","GTCUSDT","0.6010","0.9504","Ethereum","2Y","-0.7497"
"ENJUSDT","GTCUSDT","0.6098","0.9846","Ethereum","2Y","-0.7497"
"SUSHIUSDT","ATAUSDT","0.6028","0.9489","Ethereum,BNB Smart Chain,Base,Polygon POS","1Y","-0.7471"
"HOTUSDT","SCUSDT","0.5009","0.9302","Base","2Y","-0.7453"
"COMPUSDT","DENTUSDT","0.6547","0.9317","Ethereum","2Y","-0.7414"
"BATUSDT","FLOWUSDT","0.7303","0.9632","Solana","2Y","-0.7392"
"DOTUSDT","ATAUSDT","0.6427","0.9563","Ethereum,BNB Smart Chain,Base","2Y","-0.7317"
"IOTXUSDT","CHRUSDT","0.5499","0.9648","Ethereum","1Y","-0.7306"
"SUSHIUSDT","SXPUSDT","0.5858","0.9153","Ethereum,BNB Smart Chain","2Y","-0.7305"
"BATUSDT","ATAUSDT","0.6319","0.9427","Ethereum,Polygon POS","2Y","-0.7300"
"SXPUSDT","ATAUSDT","0.5915","0.9338","Ethereum,BNB Smart Chain","2Y","-0.7244"
"DOTUSDT","ANKRUSDT","0.6137","0.9285","Ethereum,BNB Smart Chain,Arbitrum One,Optimism","2Y","-0.7230"
"ENJUSDT","GMTUSDT","0.6905","0.9377","Ethereum","2Y","-0.7179"
"DOTUSDT","OGNUSDT","0.6392","0.9525","Ethereum,Base","2Y","-0.7146"
"CHRUSDT","IOTXUSDT","0.5499","0.9648","BNB Smart Chain","1Y","-0.7134"
"1INCHUSDT","ATAUSDT","0.6006","0.9667","Ethereum,BNB Smart Chain,Base","2Y","-0.7126"
"AXSUSDT","C98USDT","0.6437","0.9870","Ethereum,BNB Smart Chain","2Y","-0.7043"
"ICPUSDT","CHRUSDT","0.6131","0.9346","Ethereum","1Y","-0.7018"
"SUSHIUSDT","ONEUSDT","0.6315","0.9196","Solana,BNB Smart Chain","2Y","-0.7001"
"SNXUSDT","NKNUSDT","0.5735","0.9351","Ethereum","2Y","-0.7000"
"COMPUSDT","SKLUSDT","0.5824","0.9343","Ethereum","2Y","-0.6972"
"HOTUSDT","CTSIUSDT","0.6392","0.9035","Ethereum,Base,Arbitrum One","2Y","-0.6952"
"ZENUSDT","SUSHIUSDT","0.5693","0.9394","Base","2Y","-0.6928"
"BANDUSDT","ATAUSDT","0.6136","0.9288","Ethereum","1Y","-0.6928"
"COMPUSDT","HOTUSDT","0.6357","0.9393","Ethereum,Base,Arbitrum One,Energi,Sora","2Y","-0.6914"
"BANDUSDT","NKNUSDT","0.5991","0.9581","Ethereum","1Y","-0.6910"
"ANKRUSDT","CELRUSDT","0.6153","0.9105","Ethereum,Arbitrum One","2Y","-0.6873"
"HOTUSDT","SXPUSDT","0.6366","0.9412","Ethereum","2Y","-0.6862"
"SXPUSDT","OGNUSDT","0.6003","0.9524","Ethereum","2Y","-0.6853"
"COMPUSDT","SXPUSDT","0.6082","0.9377","Ethereum,BNB Smart Chain","2Y","-0.6815"
"SKLUSDT","ANKRUSDT","0.5460","0.9317","Ethereum","2Y","-0.6735"
"HOTUSDT","ATAUSDT","0.6105","0.9470","Ethereum,Base","1Y","-0.6709"
"SUSHIUSDT","ZENUSDT","0.5693","0.9394","Ethereum,Solana","2Y","-0.6675"
"BANDUSDT","SXPUSDT","0.6164","0.9424","Ethereum","2Y","-0.6668"
"ANKRUSDT","ONTUSDT","0.6111","0.9434","BNB Smart Chain","2Y","-0.6664"
"1INCHUSDT","FLOWUSDT","0.6785","0.9755","BNB Smart Chain","2Y","-0.6660"
"GALAUSDT","1INCHUSDT","0.5926","0.9065","Ethereum","2Y","-0.6651"
"IMXUSDT","DUSKUSDT","0.6088","0.9067","Ethereum","2Y","-0.6616"
"ANKRUSDT","OGNUSDT","0.5663","0.9233","Ethereum","2Y","-0.6597"
"ZENUSDT","ATAUSDT","0.5800","0.9156","Base","2Y","-0.6591"
"HOTUSDT","STORJUSDT","0.5928","0.9081","Ethereum,Energi","2Y","-0.6586"
"DOTUSDT","CELRUSDT","0.6791","0.9400","Ethereum,Arbitrum One","2Y","-0.6568"
"YFIUSDT","SXPUSDT","0.5906","0.9579","Ethereum","2Y","-0.6566"
"SXPUSDT","ALICEUSDT","0.6358","0.9457","Ethereum,BNB Smart Chain","2Y","-0.6549"
"ATAUSDT","NKNUSDT","0.5822","0.9323","Ethereum","2Y","-0.6547"
"ETHUSDT","SOLUSDT","0.6645","0.9021","Osmosis","2Y","-0.6523"
"GALAUSDT","BATUSDT","0.6416","0.9569","Ethereum","1Y","-0.6515"
"YFIUSDT","SUSHIUSDT","0.6670","0.9351","Ethereum,Base,Arbitrum One,Avalanche,Polygon POS,Near Protocol,Energi,Sora,Fantom","2Y","-0.6484"
"GALAUSDT","ATAUSDT","0.5783","0.9021","Ethereum","1Y","-0.6472"
"YFIUSDT","OGNUSDT","0.5989","0.9411","Ethereum,Base","2Y","-0.6416"
"BATUSDT","ALICEUSDT","0.6791","0.9685","Ethereum,Solana","2Y","-0.6415"
"BANDUSDT","C98USDT","0.6375","0.9240","Ethereum","2Y","-0.6373"
"ZENUSDT","1INCHUSDT","0.5670","0.9452","Base","2Y","-0.6320"
"HOTUSDT","OGNUSDT","0.5840","0.9552","Ethereum,Base","2Y","-0.6282"
"GRTUSDT","DUSKUSDT","0.6284","0.9334","Ethereum","1Y","-0.6257"
"OGNUSDT","ALICEUSDT","0.6335","0.9521","Ethereum","2Y","-0.6248"
"COTIUSDT","DENTUSDT","0.6410","0.9233","Ethereum","2Y","-0.6212"
"ZILUSDT","ATAUSDT","0.6180","0.9100","BNB Smart Chain","1Y","-0.6190"
"COMPUSDT","ONTUSDT","0.6348","0.9547","BNB Smart Chain","2Y","-0.6174"
"ZENUSDT","ALGOUSDT","0.5829","0.9582","Solana","2Y","-0.6132"
"ZENUSDT","HOTUSDT","0.6034","0.9461","Base","2Y","-0.6132"
"DASHUSDT","APEUSDT","0.6633","0.9003","Ethereum","2Y","-0.6112"
"ZILUSDT","ALICEUSDT","0.6465","0.9264","BNB Smart Chain","2Y","-0.6109"
"BANDUSDT","OGNUSDT","0.6058","0.9457","Ethereum","1Y","-0.6098"
"BELUSDT","ONTUSDT","0.5871","0.9264","BNB Smart Chain","1Y","-0.6085"
"COMPUSDT","BANDUSDT","0.6331","0.9293","Ethereum,Energi","2Y","-0.6061"
"SKLUSDT","DENTUSDT","0.6195","0.9625","Ethereum","2Y","-0.6053"
"GALAUSDT","MANAUSDT","0.6942","0.9661","Ethereum","1Y","-0.6020"
"SKLUSDT","SXPUSDT","0.5663","0.9333","Ethereum","2Y","-0.6015"
"ZRXUSDT","SKLUSDT","0.5471","0.9447","Ethereum","2Y","-0.5979"
"BANDUSDT","ALICEUSDT","0.6288","0.9259","Ethereum","2Y","-0.5961"
"SANDUSDT","MANAUSDT","0.8186","0.9339","Ethereum,Polygon POS","2Y","-0.5944"
"LRCUSDT","GMTUSDT","0.6479","0.9073","Ethereum","2Y","-0.5942"
"ANKRUSDT","SXPUSDT","0.5944","0.9122","Ethereum,BNB Smart Chain","2Y","-0.5925"
"CHRUSDT","ROSEUSDT","0.6812","0.9100","Arbitrum One","1Y","-0.5918"
"ZENUSDT","OGNUSDT","0.5827","0.9399","Base","2Y","-0.5844"
"LPTUSDT","COTIUSDT","0.5676","0.9062","Ethereum","2Y","-0.5830"
"DOTUSDT","HOTUSDT","0.6883","0.9750","Ethereum,Base,Arbitrum One","2Y","-0.5787"
"BATUSDT","OGNUSDT","0.6483","0.9433","Ethereum","2Y","-0.5786"
"ZENUSDT","YFIUSDT","0.5756","0.9358","Base","2Y","-0.5755"
"1INCHUSDT","ZILUSDT","0.6275","0.9631","BNB Smart Chain","2Y","-0.5723"
"ONEUSDT","ZENUSDT","0.6394","0.9268","Solana","2Y","-0.5703"
"CTSIUSDT","ROSEUSDT","0.6453","0.9018","Arbitrum One","1Y","-0.5670"
"ZENUSDT","ALICEUSDT","0.6059","0.9339","Solana","2Y","-0.5642"
"ZENUSDT","RSRUSDT","0.5726","0.9004","Base","2Y","-0.5638"
"MANAUSDT","SANDUSDT","0.8186","0.9339","Solana","2Y","-0.5614"
"CTSIUSDT","NKNUSDT","0.6075","0.9382","Ethereum","1Y","-0.5575"
"SUSHIUSDT","DASHUSDT","0.6461","0.9307","Ethereum","2Y","-0.5530"
"DOTUSDT","SUSHIUSDT","0.6394","0.9478","Ethereum,BNB Smart Chain,Base,Arbitrum One","2Y","-0.5467"
"DOTUSDT","CTSIUSDT","0.6663","0.9139","Ethereum,BNB Smart Chain,Base,Arbitrum One,Optimism","2Y","-0.5460"
"AVAXUSDT","NEARUSDT","0.6334","0.9044","BNB Smart Chain","2Y","-0.5459"
"HOTUSDT","BANDUSDT","0.6309","0.9542","Ethereum,Energi","2Y","-0.5431"
"GRTUSDT","ZRXUSDT","0.6005","0.9615","Ethereum,Avalanche,Energi","2Y","-0.5402"
"UNIUSDT","AAVEUSDT","0.7172","0.9160","Ethereum,BNB Smart Chain,Arbitrum One,Avalanche,Polygon POS,Optimism,Near Protocol,Energi,Sora,Huobi ECO Chain Mainnet","1Y","-0.5392"
"ALICEUSDT","ATAUSDT","0.6308","0.9661","Ethereum,BNB Smart Chain","2Y","-0.5382"
"CTSIUSDT","CELRUSDT","0.6778","0.9480","Ethereum,Arbitrum One","2Y","-0.5356"
"NEARUSDT","LPTUSDT","0.5630","0.9385","Ethereum","1Y","-0.5353"
"C98USDT","ALICEUSDT","0.6725","0.9792","Ethereum,Solana,BNB Smart Chain","2Y","-0.5340"
"ETHUSDT","DOGEUSDT","0.5152","0.9158","Ethereum","2Y","-0.5320"
"YFIUSDT","BANDUSDT","0.6084","0.9528","Ethereum,Energi,Fantom","2Y","-0.5320"
"YFIUSDT","ALICEUSDT","0.6119","0.9346","Ethereum","2Y","-0.5314"
"SXPUSDT","ONTUSDT","0.6548","0.9710","BNB Smart Chain","2Y","-0.5313"
"COMPUSDT","YFIUSDT","0.6304","0.9522","Ethereum,Base,Arbitrum One,Avalanche,Polygon POS,Near Protocol,Energi,Sora","1Y","-0.5280"
"IMXUSDT","GRTUSDT","0.6671","0.9026","Ethereum","1Y","-0.5262"
"COMPUSDT","DASHUSDT","0.6539","0.9130","Ethereum","1Y","-0.5240"
"QNTUSDT","SANDUSDT","0.6237","0.9045","Ethereum,Energi","2Y","-0.5233"
"BANDUSDT","GTCUSDT","0.6002","0.9102","Ethereum","2Y","-0.5230"
"COMPUSDT","OGNUSDT","0.6082","0.9280","Ethereum,Base","1Y","-0.5226"
"YFIUSDT","ONEUSDT","0.6296","0.9208","Huobi ECO Chain Mainnet","2Y","-0.5212"
"YFIUSDT","HOTUSDT","0.5832","0.9444","Ethereum,Base,Arbitrum One,Energi,Sora","2Y","-0.5211"
"GRTUSDT","COMPUSDT","0.6396","0.9333","Ethereum,Arbitrum One,Avalanche,Polygon POS,Near Protocol,Energi,Sora","2Y","-0.5188"
"SXPUSDT","DASHUSDT","0.6415","0.9404","Ethereum","2Y","-0.5186"
"HOTUSDT","COTIUSDT","0.6421","0.9227","Ethereum","1Y","-0.5115"
"SNXUSDT","BANDUSDT","0.6245","0.9320","Ethereum,Energi,Fantom","1Y","-0.5086"
"MANAUSDT","FLOWUSDT","0.7469","0.9582","Solana","2Y","-0.5055"
"AXSUSDT","ATAUSDT","0.5909","0.9619","Ethereum,BNB Smart Chain","1Y","-0.5041"
"SUSHIUSDT","DENTUSDT","0.6769","0.9444","Ethereum","1Y","-0.5021"
"DENTUSDT","ZENUSDT","0.6309","0.9222","Ethereum","2Y","-0.4995"
"COMPUSDT","SUSHIUSDT","0.6339","0.9424","Ethereum,BNB Smart Chain,Base,Arbitrum One,Avalanche,Polygon POS,Near Protocol,Energi,Sora","2Y","-0.4965"
"ANKRUSDT","ATAUSDT","0.5746","0.9322","Ethereum,BNB Smart Chain,Polygon POS","3M","-0.4946"
"ROSEUSDT","CTSIUSDT","0.6453","0.9018","BNB Smart Chain","2Y","-0.4935"
"DOTUSDT","ONEUSDT","0.7213","0.9680","BNB Smart Chain","1Y","-0.4918"
"API3USDT","CHRUSDT","0.5989","0.9089","Ethereum","1Y","-0.4907"
"HOTUSDT","ZENUSDT","0.6034","0.9461","Ethereum","2Y","-0.4886"
"AXSUSDT","GMTUSDT","0.6631","0.9501","Ethereum,BNB Smart Chain","2Y","-0.4884"
"FLOWUSDT","SANDUSDT","0.7411","0.9600","Solana","2Y","-0.4862"
"YFIUSDT","ANKRUSDT","0.5415","0.9153","Ethereum,Arbitrum One,Avalanche,Polygon POS,Optimism,Fantom","2Y","-0.4850"
"SKLUSDT","ZENUSDT","0.5452","0.9029","Ethereum","2Y","-0.4848"
"CTSIUSDT","ONTUSDT","0.6352","0.9303","BNB Smart Chain","2Y","-0.4842"
"DOTUSDT","ZENUSDT","0.6252","0.9435","Ethereum,Base","2Y","-0.4815"
"SKLUSDT","BANDUSDT","0.5827","0.9240","Ethereum","2Y","-0.4766"
"FLOWUSDT","ALICEUSDT","0.6964","0.9644","Solana","1Y","-0.4740"
"AVAXUSDT","IOTXUSDT","0.5985","0.9501","BNB Smart Chain","1Y","-0.4731"
"ZRXUSDT","DENTUSDT","0.6334","0.9316","Ethereum","2Y","-0.4728"
"DOTUSDT","DENTUSDT","0.7078","0.9693","Ethereum","1Y","-0.4723"
"ANKRUSDT","ALICEUSDT","0.5947","0.9310","Ethereum,BNB Smart Chain","1Y","-0.4722"
"SUSHIUSDT","OGNUSDT","0.6337","0.9555","Ethereum,Base","2Y","-0.4706"
"C98USDT","NKNUSDT","0.6123","0.9108","Ethereum","2Y","-0.4702"
"SKLUSDT","OGNUSDT","0.5800","0.9484","Ethereum","1Y","-0.4670"
"ALICEUSDT","NKNUSDT","0.6084","0.9264","Ethereum","2Y","-0.4656"
"DOTUSDT","COTIUSDT","0.6663","0.9160","Ethereum","2Y","-0.4651"
"DOTUSDT","BATUSDT","0.6816","0.9442","Ethereum","6M","-0.4616"
"ZILUSDT","FLOWUSDT","0.6704","0.9377","BNB Smart Chain","2Y","-0.4603"
"1INCHUSDT","SCUSDT","0.5275","0.9407","Base","2Y","-0.4586"
"ETHUSDT","BNBUSDT","0.7389","0.9543","Ethereum,Solana,Sui","2Y","-0.4575"
"YFIUSDT","DASHUSDT","0.6406","0.9541","Ethereum","2Y","-0.4561"
"SOLUSDT","ETHUSDT","0.6645","0.9021","Solana,BNB Smart Chain,Avalanche,Sui,Eclipse","2Y","-0.4500"
"ANKRUSDT","COTIUSDT","0.5894","0.9163","Ethereum","6M","-0.4485"
"1INCHUSDT","DASHUSDT","0.6321","0.9696","Ethereum","2Y","-0.4483"
"ANKRUSDT","ZENUSDT","0.5588","0.9092","Ethereum","2Y","-0.4454"
"DOTUSDT","ZILUSDT","0.6612","0.9229","BNB Smart Chain","2Y","-0.4406"
"HOTUSDT","SKLUSDT","0.6022","0.9666","Ethereum","2Y","-0.4385"
"ANKRUSDT","DENTUSDT","0.6215","0.9663","Ethereum","1Y","-0.4384"
"COTIUSDT","CELRUSDT","0.6260","0.9011","Ethereum","2Y","-0.4350"
"1INCHUSDT","GMTUSDT","0.6327","0.9210","Ethereum,BNB Smart Chain","2Y","-0.4349"
"ICPUSDT","SKLUSDT","0.5813","0.9082","Ethereum","6M","-0.4305"
"1INCHUSDT","ZECUSDT","0.5788","0.9155","BNB Smart Chain","1Y","-0.4293"
"DOTUSDT","SKLUSDT","0.6030","0.9534","Ethereum","1Y","-0.4283"
"YFIUSDT","DENTUSDT","0.6524","0.9344","Ethereum","1Y","-0.4264"
"SUSHIUSDT","ONTUSDT","0.6045","0.9230","BNB Smart Chain","2Y","-0.4258"
"GALAUSDT","ALICEUSDT","0.6844","0.9425","Ethereum","1Y","-0.4224"
"NEARUSDT","ICPUSDT","0.6418","0.9112","Ethereum","1Y","-0.4206"
"SUSHIUSDT","ALICEUSDT","0.6385","0.9426","Ethereum,Solana,BNB Smart Chain","1Y","-0.4200"
"ZENUSDT","COMPUSDT","0.5872","0.9273","Base","2Y","-0.4165"
"ANKRUSDT","ONEUSDT","0.6356","0.9362","BNB Smart Chain","2Y","-0.4110"
"SANDUSDT","GALAUSDT","0.6952","0.9609","Ethereum","2Y","-0.4083"
"DENTUSDT","ATAUSDT","0.6299","0.9309","Ethereum","6M","-0.4066"
"1INCHUSDT","ALICEUSDT","0.5879","0.9691","Ethereum,BNB Smart Chain","2Y","-0.4061"
"DOGEUSDT","ETHUSDT","0.5152","0.9158","Solana,BNB Smart Chain,Avalanche","2Y","-0.4058"
"CTSIUSDT","CHRUSDT","0.6344","0.9008","Arbitrum One","6M","-0.4041"
"BATUSDT","STORJUSDT","0.6169","0.9105","Ethereum,Energi","6M","-0.4035"
"YFIUSDT","ZENUSDT","0.5756","0.9358","Ethereum","2Y","-0.4024"
"ATAUSDT","ZENUSDT","0.5800","0.9156","Ethereum","1Y","-0.4006"
"DENTUSDT","OGNUSDT","0.6502","0.9288","Ethereum","1Y","-0.4005"
"BATUSDT","ONEUSDT","0.7024","0.9598","Solana","6M","-0.3990"
"COMPUSDT","RSRUSDT","0.6199","0.9140","Ethereum,Base,Arbitrum One,Energi","1Y","-0.3985"
"GMTUSDT","C98USDT","0.6364","0.9282","Ethereum,Solana,BNB Smart Chain,Polygon POS","2Y","-0.3979"
"ATAUSDT","ONTUSDT","0.6277","0.9586","BNB Smart Chain","6M","-0.3968"
"OGNUSDT","DASHUSDT","0.6516","0.9292","Ethereum","1Y","-0.3964"
"YFIUSDT","SKLUSDT","0.5575","0.9222","Ethereum","2Y","-0.3964"
"UNIUSDT","DENTUSDT","0.6471","0.9085","Ethereum","1Y","-0.3955"
"DOTUSDT","ENJUSDT","0.6430","0.9044","Ethereum","6M","-0.3945"
"CHZUSDT","ENJUSDT","0.6618","0.9065","Ethereum","2Y","-0.3941"
"ATAUSDT","ONEUSDT","0.6496","0.9488","BNB Smart Chain","1Y","-0.3930"
"AXSUSDT","GTCUSDT","0.5394","0.9631","Ethereum","1Y","-0.3871"
"YFIUSDT","GTCUSDT","0.5560","0.9141","Ethereum,Near Protocol","1Y","-0.3857"
"C98USDT","ATAUSDT","0.6311","0.9613","Ethereum,BNB Smart Chain,Polygon POS","1Y","-0.3853"
"GMTUSDT","IOSTUSDT","0.6583","0.9334","BNB Smart Chain","2Y","-0.3793"
"SKLUSDT","SUSHIUSDT","0.5649","0.9370","Ethereum","2Y","-0.3780"
"ZILUSDT","GMTUSDT","0.6668","0.9250","BNB Smart Chain","2Y","-0.3738"
"SKLUSDT","CTSIUSDT","0.6056","0.9025","Ethereum","1Y","-0.3730"
"DOTUSDT","1INCHUSDT","0.6517","0.9670","Ethereum,BNB Smart Chain,Base","2Y","-0.3698"
"YFIUSDT","C98USDT","0.6119","0.9321","Ethereum,Polygon POS","2Y","-0.3691"
"CHRUSDT","CTSIUSDT","0.6344","0.9008","Ethereum,BNB Smart Chain","3M","-0.3664"
"DOTUSDT","IOSTUSDT","0.6446","0.9531","BNB Smart Chain","6M","-0.3659"
"IOSTUSDT","ATAUSDT","0.6368","0.9424","BNB Smart Chain","1Y","-0.3630"
"COMPUSDT","ZENUSDT","0.5872","0.9273","Ethereum","2Y","-0.3616"
"DOTUSDT","ALICEUSDT","0.6712","0.9621","Ethereum,BNB Smart Chain","2Y","-0.3602"
"BTCUSDT","TRXUSDT","0.5967","0.9057","BNB Smart Chain","2Y","-0.3585"
"GRTUSDT","BANDUSDT","0.6425","0.9135","Ethereum,Energi","6M","-0.3567"
"BATUSDT","C98USDT","0.6724","0.9677","Ethereum,Solana,Polygon POS","1Y","-0.3528"
"DOTUSDT","C98USDT","0.6991","0.9617","Ethereum,BNB Smart Chain","1Y","-0.3519"
"CELOUSDT","SUSHIUSDT","0.6189","0.9450","Celo","2Y","-0.3486"
"GRTUSDT","SKLUSDT","0.5889","0.9522","Ethereum","2Y","-0.3476"
"HOTUSDT","DASHUSDT","0.6786","0.9207","Ethereum","1Y","-0.3474"
"YFIUSDT","NKNUSDT","0.5804","0.9406","Ethereum","1Y","-0.3465"
"ONEUSDT","ONTUSDT","0.6837","0.9038","BNB Smart Chain","2Y","-0.3441"
"COMPUSDT","NKNUSDT","0.5921","0.9066","Ethereum","2Y","-0.3440"
"CRVUSDT","1INCHUSDT","0.5904","0.9015","Ethereum,Base","2Y","-0.3416"
"HOTUSDT","SUSHIUSDT","0.5753","0.9670","Ethereum,Base,Arbitrum One,Energi,Sora","2Y","-0.3405"
"SXPUSDT","DENTUSDT","0.6626","0.9381","Ethereum","1Y","-0.3398"
"SXPUSDT","ZENUSDT","0.5837","0.9331","Ethereum","2Y","-0.3384"
"IOSTUSDT","C98USDT","0.6803","0.9770","BNB Smart Chain","3M","-0.3378"
"KNCUSDT","FLOWUSDT","0.6447","0.9259","BNB Smart Chain","6M","-0.3347"
"ZILUSDT","C98USDT","0.6571","0.9420","BNB Smart Chain","2Y","-0.3326"
"ROSEUSDT","CHRUSDT","0.6812","0.9100","BNB Smart Chain","1Y","-0.3325"
"OGNUSDT","STORJUSDT","0.5371","0.9033","Ethereum","1Y","-0.3322"
"ATAUSDT","DASHUSDT","0.6414","0.9362","Ethereum","1Y","-0.3310"
"DYDXUSDT","BANDUSDT","0.6075","0.9211","Osmosis","6M","-0.3300"
"1INCHUSDT","ANKRUSDT","0.5736","0.9048","Ethereum,BNB Smart Chain","1Y","-0.3296"
"1INCHUSDT","SXPUSDT","0.5940","0.9590","Ethereum,BNB Smart Chain","1Y","-0.3282"
"AXSUSDT","FLOWUSDT","0.7124","0.9772","BNB Smart Chain","6M","-0.3278"
"ENJUSDT","C98USDT","0.6830","0.9694","Ethereum","3M","-0.3275"
"1INCHUSDT","SKLUSDT","0.5516","0.9272","Ethereum","6M","-0.3234"
"DOTUSDT","GRTUSDT","0.6817","0.9156","Ethereum,Arbitrum One","1Y","-0.3228"
"BANDUSDT","DENTUSDT","0.6578","0.9441","Ethereum","1Y","-0.3199"
"1INCHUSDT","GTCUSDT","0.5699","0.9651","Ethereum","1Y","-0.3193"
"ENJUSDT","ATAUSDT","0.6373","0.9344","Ethereum","1Y","-0.3190"
"1INCHUSDT","ZENUSDT","0.5670","0.9452","Ethereum","2Y","-0.3174"
"1INCHUSDT","OGNUSDT","0.5454","0.9692","Ethereum,Base","2Y","-0.3163"
"1INCHUSDT","IOSTUSDT","0.6220","0.9536","BNB Smart Chain","2Y","-0.3159"
"ZECUSDT","ALICEUSDT","0.6223","0.9173","BNB Smart Chain","2Y","-0.3104"
"ATOMUSDT","C98USDT","0.6614","0.9158","BNB Smart Chain","2Y","-0.3102"
"IOSTUSDT","ALICEUSDT","0.6358","0.9512","BNB Smart Chain","2Y","-0.3088"
"1INCHUSDT","HOTUSDT","0.6599","0.9555","Ethereum,Base","6M","-0.3084"
"SUSHIUSDT","ALGOUSDT","0.6043","0.9284","Solana","6M","-0.3075"
"GRTUSDT","ANKRUSDT","0.6056","0.9059","Ethereum,Arbitrum One,Avalanche,Polygon POS","6M","-0.3056"
"ALICEUSDT","FLOWUSDT","0.6964","0.9644","BNB Smart Chain","1Y","-0.3049"
"1INCHUSDT","BANDUSDT","0.6028","0.9623","Ethereum","6M","-0.3048"
"DOTUSDT","GTCUSDT","0.6159","0.9163","Ethereum","3M","-0.3047"
"SUSHIUSDT","BANDUSDT","0.6105","0.9036","Ethereum,Energi,Fantom","6M","-0.3012"
"ZRXUSDT","HOTUSDT","0.6054","0.9214","Ethereum,Energi","6M","-0.2996"
"RSRUSDT","ZENUSDT","0.5726","0.9004","Ethereum","2Y","-0.2977"
"HOTUSDT","NKNUSDT","0.5799","0.9478","Ethereum","3M","-0.2976"
"OGNUSDT","NKNUSDT","0.5939","0.9326","Ethereum","2Y","-0.2968"
"GALAUSDT","AXSUSDT","0.6522","0.9272","Ethereum","1Y","-0.2960"
"ZILUSDT","SUSHIUSDT","0.5907","0.9360","BNB Smart Chain","6M","-0.2948"
"BATUSDT","ZENUSDT","0.6069","0.9288","Ethereum,Solana","1Y","-0.2915"
"HOTUSDT","DENTUSDT","0.7302","0.9824","Ethereum","3M","-0.2907"
"BATUSDT","GTCUSDT","0.6068","0.9602","Ethereum,Near Protocol","3M","-0.2895"
"ENJUSDT","ALICEUSDT","0.7088","0.9612","Ethereum","6M","-0.2870"
"ROSEUSDT","IOTXUSDT","0.6522","0.9190","BNB Smart Chain","6M","-0.2864"
"ANKRUSDT","NKNUSDT","0.5601","0.9307","Ethereum","2Y","-0.2860"
"1INCHUSDT","ENJUSDT","0.6146","0.9106","Ethereum","2Y","-0.2827"
"SNXUSDT","SKLUSDT","0.5777","0.9045","Ethereum","6M","-0.2816"
"DASHUSDT","ZENUSDT","0.6604","0.9349","Ethereum","6M","-0.2777"
"CELRUSDT","NKNUSDT","0.5827","0.9280","Ethereum","6M","-0.2773"
"BATUSDT","ALGOUSDT","0.6474","0.9197","Solana","6M","-0.2769"
"COMPUSDT","1INCHUSDT","0.6175","0.9325","Ethereum,BNB Smart Chain,Base","2Y","-0.2746"
"BATUSDT","HOTUSDT","0.6679","0.9317","Ethereum,Energi","6M","-0.2731"
"1INCHUSDT","C98USDT","0.6437","0.9839","Ethereum,BNB Smart Chain","2Y","-0.2725"
"OGNUSDT","GTCUSDT","0.5622","0.9300","Ethereum","2Y","-0.2685"
"GTCUSDT","ATAUSDT","0.5762","0.9281","Ethereum","1Y","-0.2684"
"1INCHUSDT","ONTUSDT","0.6361","0.9560","BNB Smart Chain","6M","-0.2666"
"BATUSDT","ENJUSDT","0.6568","0.9641","Ethereum,Energi","3M","-0.2640"
"SNXUSDT","OGNUSDT","0.5818","0.9370","Ethereum,Base","6M","-0.2634"
"CRVUSDT","ALICEUSDT","0.6071","0.9022","Ethereum","2Y","-0.2633"
"SNXUSDT","SXPUSDT","0.6002","0.9106","Ethereum","6M","-0.2566"
"GTCUSDT","NKNUSDT","0.5517","0.9011","Ethereum","2Y","-0.2537"
"UNIUSDT","GRTUSDT","0.6381","0.9250","Ethereum,Arbitrum One,Avalanche,Polygon POS,Near Protocol,Energi,Sora","2Y","-0.2537"
"DENTUSDT","CELRUSDT","0.6511","0.9301","Ethereum","3M","-0.2527"
"BATUSDT","ANKRUSDT","0.6113","0.9281","Ethereum,Avalanche,Polygon POS","1Y","-0.2526"
"DENTUSDT","NKNUSDT","0.6266","0.9528","Ethereum","3M","-0.2523"
"ALICEUSDT","GTCUSDT","0.5776","0.9624","Ethereum","3M","-0.2512"
"CRVUSDT","BATUSDT","0.6072","0.9241","Ethereum,Polygon POS,Energi","2Y","-0.2498"
"RSRUSDT","SUSHIUSDT","0.5945","0.9148","Ethereum,Base,Arbitrum One,Energi","1Y","-0.2494"
"GALAUSDT","C98USDT","0.6255","0.9156","Ethereum","1Y","-0.2481"
"HOTUSDT","ALICEUSDT","0.6253","0.9513","Ethereum","1Y","-0.2474"
"BNBUSDT","TRXUSDT","0.5914","0.9119","BNB Smart Chain","1Y","-0.2473"
"OGNUSDT","ZENUSDT","0.5827","0.9399","Ethereum","2Y","-0.2436"
"GALAUSDT","GTCUSDT","0.5517","0.9126","Ethereum","1Y","-0.2427"
"C98USDT","DASHUSDT","0.6977","0.9285","Ethereum","1Y","-0.2418"
"1INCHUSDT","SUSHIUSDT","0.5541","0.9753","Ethereum,BNB Smart Chain,Base","1Y","-0.2402"
"1INCHUSDT","DENTUSDT","0.6122","0.9253","Ethereum","3M","-0.2364"
"C98USDT","GTCUSDT","0.6069","0.9694","Ethereum","1Y","-0.2363"
"BNBUSDT","ETHUSDT","0.7389","0.9543","BNB Smart Chain,Avalanche,Polygon POS,Terra Classic","2Y","-0.2350"
"GALAUSDT","LRCUSDT","0.5771","0.9304","Ethereum","6M","-0.2342"
"BANDUSDT","DASHUSDT","0.6485","0.9280","Ethereum","1Y","-0.2332"
"MANAUSDT","C98USDT","0.6347","0.9014","Ethereum,Polygon POS","1Y","-0.2288"
"HOTUSDT","C98USDT","0.6517","0.9240","Ethereum","3M","-0.2284"
"UNIUSDT","HOTUSDT","0.6455","0.9036","Ethereum,Arbitrum One,Energi,Sora","1Y","-0.2284"
"CHZUSDT","GTCUSDT","0.5692","0.9065","Ethereum","2Y","-0.2280"
"C98USDT","OGNUSDT","0.6077","0.9719","Ethereum","1Y","-0.2278"
"ZRXUSDT","ANKRUSDT","0.5807","0.9079","Ethereum,Avalanche","2Y","-0.2257"
"GRTUSDT","SXPUSDT","0.6234","0.9045","Ethereum","1Y","-0.2241"
"SXPUSDT","NKNUSDT","0.5879","0.9486","Ethereum","2Y","-0.2227"
"GALAUSDT","ENJUSDT","0.6930","0.9207","Ethereum","6M","-0.2194"
"EGLDUSDT","ONEUSDT","0.6716","0.9526","MultiversX","6M","-0.2186"
"SXPUSDT","ONEUSDT","0.6677","0.9161","BNB Smart Chain","3M","-0.2166"
"CTSIUSDT","DENTUSDT","0.6538","0.9302","Ethereum","3M","-0.2105"
"MANAUSDT","LRCUSDT","0.6022","0.9570","Ethereum","1Y","-0.2103"
"BATUSDT","DENTUSDT","0.6993","0.9110","Ethereum","6M","-0.2103"
"GALAUSDT","ANKRUSDT","0.5631","0.9029","Ethereum","1Y","-0.2096"
"BATUSDT","NKNUSDT","0.6359","0.9134","Ethereum","3M","-0.2087"
"SNXUSDT","YFIUSDT","0.6062","0.9269","Ethereum,Base,Avalanche,Polygon POS,Optimism,Near Protocol,Energi,Fantom,Huobi ECO Chain Mainnet","3M","-0.2075"
"GRTUSDT","HOTUSDT","0.6641","0.9313","Ethereum,Arbitrum One,Energi,Sora","2Y","-0.2064"
"RSRUSDT","COTIUSDT","0.6212","0.9058","Ethereum","1Y","-0.2052"
"GRTUSDT","DENTUSDT","0.6797","0.9531","Ethereum","3M","-0.2042"
"ENJUSDT","OGNUSDT","0.6502","0.9306","Ethereum","6M","-0.2027"
"SNXUSDT","1INCHUSDT","0.6238","0.9279","Ethereum,Base","1M","-0.2017"
"ROSEUSDT","AVAXUSDT","0.7108","0.9222","Solana,BNB Smart Chain","6M","-0.2011"
"C98USDT","FLOWUSDT","0.6812","0.9617","Solana,BNB Smart Chain","3M","-0.2007"
"BNBUSDT","JASMYUSDT","0.5474","0.9168","Ethereum","1Y","-0.1952"
"1INCHUSDT","YFIUSDT","0.5357","0.9659","Ethereum,Base","2Y","-0.1934"
"DENTUSDT","ALICEUSDT","0.6657","0.9256","Ethereum","3M","-0.1928"
"GTCUSDT","DASHUSDT","0.6134","0.9404","Ethereum","1M","-0.1922"
"IOSTUSDT","FLOWUSDT","0.6940","0.9167","BNB Smart Chain","3M","-0.1909"
"ENJUSDT","NKNUSDT","0.6284","0.9221","Ethereum","1Y","-0.1869"
"ALICEUSDT","ONEUSDT","0.6558","0.9583","BNB Smart Chain","3M","-0.1850"
"TRXUSDT","BTCUSDT","0.5967","0.9057","Solana","1Y","-0.1850"
"SUSHIUSDT","C98USDT","0.6482","0.9426","Ethereum,Solana,BNB Smart Chain,Polygon POS","1M","-0.1821"
"ONEUSDT","ALGOUSDT","0.6872","0.9552","Solana","6M","-0.1735"
"DOTUSDT","NKNUSDT","0.6233","0.9539","Ethereum","2Y","-0.1722"
"ZILUSDT","IOSTUSDT","0.6558","0.9294","BNB Smart Chain","1Y","-0.1679"
"GMTUSDT","APEUSDT","0.6478","0.9182","Ethereum,Solana","3M","-0.1676"
"ALICEUSDT","ZENUSDT","0.6059","0.9339","Ethereum","1Y","-0.1660"
"SANDUSDT","GMTUSDT","0.6976","0.9125","Ethereum,Polygon POS","2Y","-0.1606"
"IOSTUSDT","ONEUSDT","0.6866","0.9165","BNB Smart Chain","3M","-0.1595"
"GMTUSDT","SANDUSDT","0.6976","0.9125","Solana","1M","-0.1576"
"1INCHUSDT","ONEUSDT","0.6441","0.9331","BNB Smart Chain","2Y","-0.1562"
"DENTUSDT","C98USDT","0.6736","0.9009","Ethereum","1M","-0.1559"
"SUSHIUSDT","GTCUSDT","0.5792","0.9067","Ethereum,Near Protocol","3M","-0.1477"
"SKLUSDT","NKNUSDT","0.5863","0.9188","Ethereum","6M","-0.1435"
"SNXUSDT","SUSHIUSDT","0.6161","0.9180","Ethereum,Base,Avalanche,Polygon POS,Near Protocol,Energi,Fantom","1M","-0.1424"
"ALGOUSDT","ALICEUSDT","0.6262","0.9437","Solana","1Y","-0.1417"
"NKNUSDT","DASHUSDT","0.6423","0.9161","Ethereum","3M","-0.1384"
"GRTUSDT","SUSHIUSDT","0.6134","0.9079","Ethereum,Arbitrum One,Avalanche,Polygon POS,Near Protocol,Energi,Sora","1Y","-0.1379"
"C98USDT","CELRUSDT","0.6693","0.9114","Ethereum","1M","-0.1359"
"GMTUSDT","FLOWUSDT","0.6502","0.9275","Solana,BNB Smart Chain","3M","-0.1355"
"ONEUSDT","ALICEUSDT","0.6558","0.9583","Solana","1Y","-0.1338"
"SKLUSDT","ALICEUSDT","0.5991","0.9075","Ethereum","2Y","-0.1315"
"CRVUSDT","ENJUSDT","0.5828","0.9128","Ethereum,Energi","1M","-0.1307"
"TRXUSDT","BNBUSDT","0.5914","0.9119","Solana,Avalanche","1M","-0.1299"
"C98USDT","ONTUSDT","0.6617","0.9375","BNB Smart Chain","1Y","-0.1298"
"MANAUSDT","GMTUSDT","0.6982","0.9024","Ethereum,Polygon POS","1Y","-0.1297"
"GMTUSDT","MANAUSDT","0.6982","0.9024","Solana","3M","-0.1290"
"1INCHUSDT","NKNUSDT","0.5378","0.9298","Ethereum","2Y","-0.1257"
"RSRUSDT","HOTUSDT","0.6318","0.9263","Ethereum,Base,Arbitrum One,Energi","1Y","-0.1224"
"SUSHIUSDT","NKNUSDT","0.5967","0.9378","Ethereum","1Y","-0.1207"
"C98USDT","MANAUSDT","0.6347","0.9014","Solana","7d","-0.1145"
"GMTUSDT","KNCUSDT","0.6258","0.9159","Ethereum,BNB Smart Chain,Polygon POS","2Y","-0.1134"
"ALICEUSDT","DASHUSDT","0.6689","0.9456","Ethereum","1Y","-0.1095"
"RSRUSDT","DENTUSDT","0.6514","0.9075","Ethereum","3M","-0.1085"
"GTCUSDT","APEUSDT","0.6018","0.9006","Ethereum","1Y","-0.1065"
"CRVUSDT","GTCUSDT","0.5488","0.9159","Ethereum","1M","-0.1062"
"GRTUSDT","RSRUSDT","0.6299","0.9039","Ethereum,Arbitrum One,Energi","6M","-0.1051"
"C98USDT","ONEUSDT","0.6996","0.9516","Solana,BNB Smart Chain","1M","-0.0920"
"ALICEUSDT","ONTUSDT","0.6443","0.9260","BNB Smart Chain","3M","-0.0917"
"SNXUSDT","COMPUSDT","0.6544","0.9226","Ethereum,Base,Avalanche,Polygon POS,Near Protocol,Energi","1M","-0.0744"
"C98USDT","ZENUSDT","0.6190","0.9096","Ethereum,Solana","1Y","-0.0718"
"C98USDT","ALGOUSDT","0.6582","0.9242","Solana","7d","-0.0594"
"BTCUSDT","ETHUSDT","0.8423","0.9152","Solana,BNB Smart Chain,Osmosis","1M","-0.0525"